artist,mean
Bob Dylan,0.035
The Beatles,0.8334782608695652
The Rolling Stones,-0.21714285714285717
